{"count":1,"self":32.5327616,"total":227.68433339999999,"children":{"InitializeActuators":{"count":9,"self":0.003,"total":0.003,"children":null},"InitializeSensors":{"count":9,"self":0.0040013,"total":0.0040013,"children":null},"AgentSendState":{"count":16267,"self":1.4299334,"total":30.681045899999997,"children":{"CollectObservations":{"count":146403,"self":20.3297888,"total":20.329788399999998,"children":null},"WriteActionMask":{"count":146403,"self":0.31127869999999996,"total":0.31127869999999996,"children":null},"RequestDecision":{"count":146403,"self":1.1650551,"total":8.6100453999999988,"children":{"AgentInfo.ToProto":{"count":146403,"self":0.8151851,"total":7.4449903,"children":{"GenerateSensorData":{"count":146403,"self":6.6298052,"total":6.6298052,"children":null}}}}}}},"DecideAction":{"count":16267,"self":163.41587199999998,"total":163.4158702,"children":null},"AgentAct":{"count":16267,"self":1.0194642999999999,"total":1.0335036,"children":{"AgentInfo.ToProto":{"count":167,"self":0.0010004999999999999,"total":0.0140393,"children":{"GenerateSensorData":{"count":167,"self":0.0130388,"total":0.0130388,"children":null}}}}},"AgentInfo.ToProto":{"count":240,"self":0.0040008,"total":0.014149199999999999,"children":{"GenerateSensorData":{"count":240,"self":0.0101484,"total":0.0101484,"children":null}}}},"gauges":{"Dlivery_Bot_2.CumulativeReward":{"count":407,"max":93.2000046,"min":-800.003662,"runningAverage":-126.374573,"value":41.79985,"weightedAverage":-26.0054779}},"metadata":{"timer_format_version":"0.1.0","start_time_seconds":"1735309149","unity_version":"6000.0.26f1","command_line_arguments":"D:\\Unity\\6000.0.26f1\\Editor\\Unity.exe -projectpath C:\\Users\\Pawel\\Documents\\Unity_Project\\warehouse-bot -useHub -hubIPC -cloudEnvironment production","communication_protocol_version":"1.5.0","com.unity.ml-agents_version":"3.0.0","scene_name":"SampleScene","end_time_seconds":"1735309377"}}